annotation_row_id,finding_id,repository,filename,line_number,security_family,variant_a_lines,variant_b_lines,variant_c_lines,variant_b_fallback,variant_c_caller_count,variant_c_call_depth
GT-001,FND-000267,certbot/certbot,acme/src/acme/challenges.py,325,disabled-cert-validation,7,7,13,false,0,0
GT-002,FND-000273,certbot/certbot,certbot-ci/src/certbot_integration_tests/utils/misc.py,64,disabled-cert-validation,7,5,27,false,1,1
GT-003,FND-000294,certbot/certbot,certbot/src/certbot/_internal/account.py,75,weak-hash,7,4,10,false,0,0
GT-004,FND-000266,encode/httpx,httpx/_auth.py,309,weak-hash,7,3,53,false,7,3
GT-005,FND-001048,twisted/twisted,src/twisted/conch/ssh/transport.py,2028,weak-hash,7,5,11,false,0,0
GT-006,FND-000110,django/django,django/db/backends/sqlite3/_functions.py,414,weak-hash,7,2,7,false,0,0
GT-007,FND-001294,boto/botocore,botocore/httpchecksum.py,169,weak-hash,7,2,12,false,1,1
GT-008,FND-000174,paramiko/paramiko,paramiko/hostkeys.py,299,weak-hash,7,7,53,false,6,3
GT-009,FND-000618,sqlmapproject/sqlmap,extra/dbwire/firebird.py,171,weak-hash,7,2,70,false,8,3
GT-010,FND-000727,sqlmapproject/sqlmap,lib/utils/hashdb.py,97,weak-hash,7,3,21,false,2,1
GT-011,FND-000622,sqlmapproject/sqlmap,extra/dbwire/postgres.py,243,weak-hash,7,10,23,false,1,1
GT-012,FND-000710,sqlmapproject/sqlmap,lib/utils/hash.py,115,weak-hash,7,3,8,false,0,0
GT-013,FND-001055,twisted/twisted,src/twisted/mail/pop3.py,75,weak-hash,7,3,9,false,0,0
GT-014,FND-000720,sqlmapproject/sqlmap,lib/utils/hash.py,452,weak-hash,7,18,23,false,0,0
GT-015,FND-001110,hypothesisworks/hypothesis,hypothesis/src/hypothesis/extra/_patching.py,339,weak-hash,7,3,8,false,0,0
GT-016,FND-000167,cherrypy/cherrypy,cherrypy/lib/auth_digest.py,38,weak-hash,7,2,143,false,15,3
GT-017,FND-000168,cherrypy/cherrypy,cherrypy/lib/cptools.py,55,weak-hash,7,9,14,false,0,0
GT-018,FND-000722,sqlmapproject/sqlmap,lib/utils/hash.py,605,weak-hash,7,2,7,false,0,0
GT-019,FND-000942,pallets/jinja,src/jinja2/bccache.py,152,weak-hash,7,2,18,false,1,1
GT-020,FND-001173,lepture/authlib,authlib/oauth1/rfc5849/client_auth.py,150,weak-hash,7,11,79,false,5,2
GT-021,FND-000156,aio-libs/aiohttp,aiohttp/web_ws.py,329,weak-hash,7,8,33,false,4,3
GT-022,FND-001013,scrapy/scrapy,scrapy/pipelines/images.py,276,weak-hash,5,10,73,false,3,3
GT-023,FND-000036,pallets/flask,src/flask/sessions.py,281,weak-hash,7,2,7,false,0,0
GT-024,FND-000155,aio-libs/aiohttp,aiohttp/client_middleware_digest_auth.py,332,weak-hash,7,14,45,false,1,1
GT-025,FND-000172,paramiko/paramiko,paramiko/config.py,446,weak-hash,7,31,132,false,5,3
GT-026,FND-000152,tornadoweb/tornado,tornado/web.py,1757,weak-hash,7,2,133,false,13,3
GT-027,FND-000038,django/django,django/contrib/auth/hashers.py,665,weak-hash,7,2,94,false,12,3
GT-028,FND-000623,sqlmapproject/sqlmap,extra/dbwire/postgres.py,244,weak-hash,7,11,24,false,1,1
GT-029,FND-000931,numpy/numpy,numpy/lib/_npyio_impl.py,683,hardcoded-temp-path,7,71,77,false,0,0
GT-030,FND-000180,boto/boto3,boto3/s3/inject.py,279,hardcoded-temp-path,7,34,39,false,0,0
GT-031,FND-000037,django/django,django/conf/global_settings.py,334,hardcoded-temp-path,7,11,11,true,0,0
GT-032,FND-000807,Gallopsled/pwntools,pwnlib/tubes/ssh.py,1527,hardcoded-temp-path,7,22,114,false,7,2
GT-033,FND-000179,boto/boto3,boto3/s3/inject.py,235,hardcoded-temp-path,7,34,39,false,0,0
GT-034,FND-000574,celery/celery,t/unit/bin/proj/daemon_config.py,3,hardcoded-temp-path,6,8,8,true,0,0
GT-035,FND-000707,sqlmapproject/sqlmap,lib/techniques/ssti/inject.py,834,hardcoded-temp-path,7,11,11,true,0,0
GT-036,FND-000805,Gallopsled/pwntools,pwnlib/tubes/ssh.py,1146,hardcoded-temp-path,7,28,793,false,60,3
GT-037,FND-000818,Gallopsled/pwntools,pwnlib/util/packing.py,1118,hardcoded-temp-path,7,50,55,false,0,0
GT-038,FND-000264,fabric/fabric,fabric/transfer.py,44,hardcoded-temp-path,7,69,100,false,1,1
GT-039,FND-000796,Gallopsled/pwntools,pwnlib/elf/elf.py,1655,hardcoded-temp-path,7,10,64,false,6,3
GT-040,FND-000806,Gallopsled/pwntools,pwnlib/tubes/ssh.py,1502,hardcoded-temp-path,7,21,134,false,15,3
GT-041,FND-000248,ansible/ansible,lib/ansible/plugins/filter/core.py,551,hardcoded-temp-path,7,9,14,false,0,0
GT-042,FND-000058,django/django,django/core/cache/backends/db.py,102,unsafe-deserialization,7,37,104,false,6,3
GT-043,FND-000069,django/django,django/core/cache/backends/filebased.py,38,unsafe-deserialization,7,6,12,false,0,0
GT-044,FND-000879,scikit-learn/scikit-learn,sklearn/utils/estimator_checks.py,4080,unsafe-deserialization,7,3,9,false,0,0
GT-045,FND-001005,scrapy/scrapy,scrapy/extensions/httpcache.py,341,unsafe-deserialization,7,17,23,false,0,0
GT-046,FND-000928,numpy/numpy,numpy/lib/_format_impl.py,844,unsafe-deserialization,7,17,23,false,0,0
GT-047,FND-001008,scrapy/scrapy,scrapy/extensions/spiderstate.py,44,unsafe-deserialization,7,4,10,false,0,0
GT-048,FND-000585,celery/celery,t/unit/tasks/test_result.py,696,unsafe-deserialization,7,3,10,false,0,0
GT-049,FND-000070,django/django,django/core/cache/backends/filebased.py,71,unsafe-deserialization,7,16,22,false,0,0
GT-050,FND-000560,celery/celery,t/unit/app/test_app.py,1165,unsafe-deserialization,7,3,10,false,0,0
GT-051,FND-000566,celery/celery,t/unit/app/test_schedules.py,157,unsafe-deserialization,7,4,10,false,0,0
GT-052,FND-000568,celery/celery,t/unit/backends/test_database.py,651,unsafe-deserialization,7,3,10,false,0,0
GT-053,FND-001059,twisted/twisted,src/twisted/mail/relaymanager.py,572,unsafe-deserialization,7,4,16,false,1,1
GT-054,FND-001039,grpc/grpc,src/python/grpcio_tests/tests_aio/unit/auth_context_test.py,201,unsafe-deserialization,7,8,54,false,2,1
GT-055,FND-000072,django/django,django/core/cache/backends/locmem.py,43,unsafe-deserialization,7,5,55,false,6,2
GT-056,FND-000545,celery/celery,celery/backends/database/__init__.py,220,unsafe-deserialization,7,4,31,false,2,1
GT-057,FND-000596,celery/celery,t/unit/utils/test_pickle.py,25,unsafe-deserialization,7,5,11,false,0,0
GT-058,FND-000159,bottlepy/bottle,bottle.py,1190,unsafe-deserialization,7,9,15,false,0,0
GT-059,FND-000206,ansible/ansible,lib/ansible/cli/scripts/ansible_connection_cli_stub.py,242,unsafe-deserialization,7,8,13,false,0,0
GT-060,FND-000556,celery/celery,t/unit/app/test_app.py,928,unsafe-deserialization,7,3,9,false,0,0
GT-061,FND-000485,coleifer/peewee,playhouse/fields.py,52,unsafe-deserialization,7,3,14,false,1,1
GT-062,FND-000170,cherrypy/cherrypy,cherrypy/lib/sessions.py,569,unsafe-deserialization,7,6,301,false,41,3
GT-063,FND-000425,pydantic/pydantic,pydantic/v1/parse.py,42,unsafe-deserialization,7,20,45,false,1,1
GT-064,FND-000416,pydantic/pydantic,.github/actions/people/people.py,761,subprocess-execution,7,11,11,true,0,0
GT-065,FND-000234,ansible/ansible,lib/ansible/modules/user.py,1297,subprocess-execution,7,19,112,false,1,1
GT-066,FND-001161,hypothesisworks/hypothesis,tooling/src/hypothesistooling/installers.py,117,subprocess-execution,4,2,8,false,0,0
GT-067,FND-000922,numpy/numpy,numpy/f2py/crackfortran.py,2648,code-execution-eval,7,302,378,false,5,3
GT-068,FND-000145,tornadoweb/tornado,maint/vm/windows/bootstrap.py,65,subprocess-execution,7,10,15,false,0,0
GT-069,FND-000296,certbot/certbot,certbot/src/certbot/_internal/plugins/nginx/configurator.py,1044,subprocess-execution,7,9,33,false,4,2
GT-070,FND-000469,sqlalchemy/sqlalchemy,lib/sqlalchemy/util/langhelpers.py,2157,code-execution-exec,7,4,9,false,0,0
GT-071,FND-000035,pallets/flask,src/flask/config.py,209,code-execution-exec,7,8,19,false,1,1
GT-072,FND-000411,pre-commit/pre-commit,pre_commit/commands/hook_impl.py,164,subprocess-execution,7,51,80,false,2,2
GT-073,FND-001172,dateutil/dateutil,src/dateutil/zoneinfo/rebuild.py,62,subprocess-execution,7,6,24,false,1,1
GT-074,FND-000874,scikit-learn/scikit-learn,sklearn/externals/array_api_compat/_internal.py,64,code-execution-exec,7,4,9,false,0,0
GT-075,FND-001016,scrapy/scrapy,scrapy/utils/engine.py,35,code-execution-eval,7,22,35,false,2,2
GT-076,FND-000387,tox-dev/tox,src/tox/tox_env/python/virtual_env/subprocess_adapter.py,220,subprocess-execution,7,7,12,false,0,0
GT-077,FND-000913,numpy/numpy,numpy/f2py/auxfuncs.py,662,code-execution-eval,7,6,53,false,5,3
GT-078,FND-000366,pytest-dev/pytest,scripts/release.py,82,subprocess-execution,7,5,27,false,2,2
GT-079,FND-000977,pypa/setuptools,setuptools/_distutils/compilers/C/cygwin.py,341,subprocess-execution,7,2,20,false,3,2
GT-080,FND-001222,simonw/datasette,datasette/publish/cloudrun.py,125,subprocess-shell-true,7,36,42,false,0,0
GT-081,FND-001043,twisted/twisted,src/twisted/conch/recvline.py,90,code-execution-exec,7,11,11,true,0,0
GT-082,FND-000966,pypa/virtualenv,tasks/make_zipapp.py,252,subprocess-execution,7,8,121,false,9,3
GT-083,FND-000019,tiangolo/fastapi,scripts/sponsors.py,200,subprocess-execution,7,3,8,false,0,0
GT-084,FND-000472,sqlalchemy/sqlalchemy,lib/sqlalchemy/util/typing.py,267,code-execution-eval,7,14,94,false,4,2
GT-085,FND-000518,mongodb/mongo-python-driver,pymongo/daemon.py,98,subprocess-execution,7,10,20,false,1,1
GT-086,FND-000321,certbot/certbot,tools/venv.py,101,subprocess-execution,7,8,22,false,2,2
GT-087,FND-000376,pytest-dev/pytest,src/_pytest/mark/expression.py,363,code-execution-eval,4,2,8,false,0,0
GT-088,FND-000272,certbot/certbot,certbot-ci/src/certbot_integration_tests/utils/dns_server.py,90,subprocess-execution,7,20,35,false,2,2
GT-089,FND-000399,psf/black,src/blib2to3/pgen2/conv.py,186,code-execution-eval,7,55,65,false,1,1
GT-090,FND-000393,psf/black,action/main.py,159,subprocess-execution,7,11,11,true,0,0
GT-091,FND-000551,celery/celery,t/integration/test_worker.py,15,subprocess-execution,7,5,10,false,0,0
GT-092,FND-000823,Gallopsled/pwntools,travis/coverage_chdir.py,12,code-execution-exec,4,6,6,true,0,0
GT-093,FND-000135,django/django,scripts/archive_eol_stable_branches.py,18,subprocess-execution,7,7,160,false,11,2
GT-094,FND-000359,pytest-dev/pytest,scripts/prepare-release-pr.py,122,subprocess-execution,7,14,29,false,1,1
GT-095,FND-000973,pypa/setuptools,exercises.py,6,subprocess-execution,4,3,8,false,0,0
GT-096,FND-000843,pypa/pip,src/pip/_internal/network/auth.py,171,subprocess-execution,7,8,27,false,2,2
GT-097,FND-000685,sqlmapproject/sqlmap,lib/core/update.py,138,subprocess-shell-true,7,53,58,false,0,0
GT-098,FND-001166,hypothesisworks/hypothesis,whole_repo_tests/types/test_mypy.py,45,subprocess-execution,7,16,208,false,34,2
GT-099,FND-000354,pytest-dev/pytest,scripts/prepare-release-pr.py,59,subprocess-execution,7,2,17,false,1,1
GT-100,FND-001233,simonw/datasette,datasette/publish/heroku.py,151,subprocess-execution,7,65,71,false,0,0
GT-101,FND-000332,pallets/click,src/click/_termui_impl.py,856,subprocess-execution,7,23,28,false,0,0
GT-102,FND-000908,numpy/numpy,numpy/_build_utils/tempita/_tempita.py,320,code-execution-eval,7,4,204,false,14,3
GT-103,FND-000421,pydantic/pydantic,.github/actions/people/people.py,773,subprocess-execution,7,10,10,true,0,0
GT-104,FND-000325,certbot/certbot,tools/venv.py,137,subprocess-shell-true,7,4,9,false,0,0
GT-105,FND-000728,sqlmapproject/sqlmap,lib/utils/library.py,148,subprocess-execution,7,14,23,false,1,1
GT-106,FND-001141,hypothesisworks/hypothesis,tooling/src/hypothesistooling/__main__.py,1143,subprocess-execution,7,5,11,false,0,0
GT-107,FND-000729,sqlmapproject/sqlmap,lib/utils/tui.py,728,subprocess-execution,7,14,52,false,4,3
GT-108,FND-000506,mongodb/mongo-python-driver,.evergreen/scripts/resync-all-specs.py,49,subprocess-execution,7,21,31,false,1,1
GT-109,FND-000412,pre-commit/pre-commit,pre_commit/commands/run.py,317,subprocess-execution,7,26,67,false,1,1
GT-110,FND-000462,sqlalchemy/sqlalchemy,lib/sqlalchemy/orm/clsregistry.py,592,code-execution-eval,7,4,10,false,0,0
GT-111,FND-000157,aio-libs/aiohttp,tools/cleanup_changes.py,38,subprocess-execution,7,13,18,false,0,0
GT-112,FND-000512,mongodb/mongo-python-driver,.evergreen/scripts/utils.py,305,subprocess-execution,7,5,22,false,3,1
GT-113,FND-001072,twisted/twisted,src/twisted/web/script.py,93,code-execution-eval,7,12,17,false,0,0
GT-114,FND-000228,ansible/ansible,lib/ansible/modules/mount_facts.py,265,subprocess-execution,7,4,10,false,0,0
GT-115,FND-000847,pypa/pip,src/pip/_vendor/distlib/util.py,1785,subprocess-execution,7,2,8,false,0,0
GT-116,FND-001204,simonw/datasette,datasette/cli.py,306,subprocess-execution,7,34,40,false,0,0
GT-117,FND-000801,Gallopsled/pwntools,pwnlib/internal/dochelper.py,21,code-execution-exec,7,6,12,false,0,0
GT-118,FND-000965,pypa/virtualenv,src/virtualenv/util/subprocess/__init__.py,27,subprocess-execution,7,10,15,false,0,0
GT-119,FND-000004,tiangolo/fastapi,scripts/docs.py,626,subprocess-execution,7,58,70,false,1,1
GT-120,FND-000201,ansible/ansible,hacking/update-sanity-requirements.py,62,subprocess-execution,7,24,45,false,1,1
GT-121,FND-001157,hypothesisworks/hypothesis,tooling/src/hypothesistooling/installers.py,85,subprocess-execution,7,5,10,false,0,0
GT-122,FND-000824,spulec/freezegun,create_tag.py,16,subprocess-execution,7,3,8,false,0,0
GT-123,FND-000229,ansible/ansible,lib/ansible/modules/mount_facts.py,275,subprocess-execution,7,4,10,false,0,0
GT-124,FND-000336,textualize/rich,tools/make_width_tables.py,53,subprocess-shell-true,4,6,6,true,0,0
GT-125,FND-000026,tiangolo/fastapi,scripts/topic_repos.py,68,subprocess-execution,7,3,8,false,0,0
GT-126,FND-000225,ansible/ansible,lib/ansible/modules/async_wrapper.py,151,subprocess-execution,7,20,65,false,1,1
GT-127,FND-001171,dateutil/dateutil,src/dateutil/zoneinfo/rebuild.py,52,subprocess-execution,7,3,21,false,1,1
GT-128,FND-001042,twisted/twisted,src/twisted/conch/insults/insults.py,1049,code-execution-exec,7,11,11,true,0,0
GT-129,FND-000990,pypa/setuptools,setuptools/installer.py,121,subprocess-execution,7,41,59,false,2,1
GT-130,FND-000817,Gallopsled/pwntools,pwnlib/util/misc.py,538,subprocess-execution,7,139,144,false,0,0
GT-131,FND-001184,pypa/flit,flit/__init__.py,47,subprocess-execution,7,9,44,false,3,2
GT-132,FND-000668,sqlmapproject/sqlmap,lib/controller/controller.py,781,subprocess-shell-true,7,582,588,false,0,0
GT-133,FND-000603,pyca/cryptography,src/_cffi_src/utils.py,17,code-execution-exec,7,11,11,true,0,0
GT-134,FND-001029,falconry/falcon,tools/tox_sdist.py,21,subprocess-execution,7,2,11,false,1,1
GT-135,FND-000013,tiangolo/fastapi,scripts/playwright/separate_openapi_schemas/image04.py,25,subprocess-execution,7,11,11,true,0,0
GT-136,FND-000919,numpy/numpy,numpy/f2py/crackfortran.py,2274,code-execution-eval,7,2,180,false,5,1
GT-137,FND-000850,pypa/pip,src/pip/_vendor/distro/distro.py,1213,subprocess-execution,7,3,10,false,0,0
GT-138,FND-000509,mongodb/mongo-python-driver,.evergreen/scripts/run_tests.py,210,subprocess-execution,7,9,37,false,2,1
GT-139,FND-000360,pytest-dev/pytest,scripts/prepare-release-pr.py,129,subprocess-execution,7,24,39,false,1,1
GT-140,FND-000010,tiangolo/fastapi,scripts/playwright/separate_openapi_schemas/image01.py,25,subprocess-execution,7,11,11,true,0,0
GT-141,FND-001188,pypa/flit,flit/install.py,369,subprocess-execution,7,7,18,false,1,1
GT-142,FND-000600,pyca/cryptography,.github/bin/bump_dependency.py,10,subprocess-execution,7,4,18,false,1,1
GT-143,FND-000792,Gallopsled/pwntools,pwnlib/commandline/version.py,22,subprocess-execution,7,5,10,false,0,0
GT-144,FND-000889,pandas-dev/pandas,pandas/io/clipboard/__init__.py,241,subprocess-execution,7,5,10,false,0,0
GT-145,FND-001143,hypothesisworks/hypothesis,tooling/src/hypothesistooling/git.py,18,subprocess-execution,7,4,13,false,1,1
GT-146,FND-000985,pypa/setuptools,setuptools/_vendor/packaging/tags.py,416,subprocess-execution,7,21,111,false,10,3
GT-147,FND-000544,celery/celery,celery/apps/multi.py,219,subprocess-execution,7,4,36,false,5,3
GT-148,FND-000249,ansible/ansible,lib/ansible/plugins/inventory/script.py,357,subprocess-execution,7,4,50,false,4,2
GT-149,FND-000386,tox-dev/tox,src/tox/tox_env/python/virtual_env/subprocess_adapter.py,183,subprocess-execution,7,9,30,false,2,1
GT-150,FND-000146,tornadoweb/tornado,maint/vm/windows/bootstrap.py,70,subprocess-execution,7,13,18,false,0,0
GT-151,FND-000327,pallets/click,src/click/_termui_impl.py,660,subprocess-execution,7,9,48,false,2,2
GT-152,FND-000297,certbot/certbot,certbot/src/certbot/_internal/plugins/nginx/configurator.py,1296,subprocess-execution,7,9,34,false,4,3
GT-153,FND-000309,certbot/certbot,tools/finish_release.py,201,subprocess-execution,7,5,126,false,14,2
GT-154,FND-001165,hypothesisworks/hypothesis,tooling/src/hypothesistooling/scripts.py,69,subprocess-execution,7,3,8,false,0,0
GT-155,FND-001227,simonw/datasette,datasette/publish/cloudrun.py,275,subprocess-shell-true,7,12,105,false,2,1
GT-156,FND-000190,ansible/ansible,hacking/create-bulk-issues.py,51,subprocess-execution,7,4,42,false,5,3
GT-157,FND-001033,grpc/grpc,src/python/grpcio_observability/setup.py,94,subprocess-execution,7,8,13,false,0,0
GT-158,FND-000215,ansible/ansible,lib/ansible/module_utils/common/respawn.py,48,subprocess-execution,7,3,8,false,0,0
GT-159,FND-000200,ansible/ansible,hacking/update-sanity-requirements.py,55,subprocess-execution,7,24,45,false,1,1
GT-160,FND-001191,pypa/flit,flit/vcs/git.py,7,subprocess-execution,7,3,8,false,0,0
GT-161,FND-000001,tiangolo/fastapi,scripts/docs.py,285,subprocess-execution,7,6,24,false,2,2
GT-162,FND-000403,psf/black,src/blib2to3/pgen2/pgen.py,100,code-execution-eval,7,9,71,false,4,2
GT-163,FND-000980,pypa/setuptools,setuptools/_distutils/core.py,250,code-execution-exec,7,8,13,false,0,0
GT-164,FND-000982,pypa/setuptools,setuptools/_vendor/jaraco/context/__init__.py,206,subprocess-execution,7,10,16,false,0,0
GT-165,FND-000239,ansible/ansible,lib/ansible/parsing/vault/__init__.py,833,subprocess-execution,7,9,31,false,2,1
GT-166,FND-000992,pypa/setuptools,setuptools/wheel.py,208,code-execution-eval,7,30,55,false,3,3
GT-167,FND-000341,tiangolo/typer,typer/_click/_termui_impl.py,365,subprocess-execution,7,13,18,false,0,0
GT-168,FND-000427,pydantic/pydantic,release/shared.py,8,subprocess-execution,7,2,7,false,0,0
GT-169,FND-000397,psf/black,scripts/release.py,78,subprocess-execution,7,2,25,false,4,2
GT-170,FND-001156,hypothesisworks/hypothesis,tooling/src/hypothesistooling/installers.py,80,subprocess-execution,7,5,10,false,0,0
GT-171,FND-000612,googleapis/google-auth-library-python,setup.py,100,code-execution-exec,7,11,11,true,0,0
GT-172,FND-000591,celery/celery,t/unit/utils/test_functional.py,362,code-execution-exec,7,5,11,false,0,0
GT-173,FND-000813,Gallopsled/pwntools,pwnlib/util/misc.py,390,subprocess-execution,7,64,69,false,0,0
GT-174,FND-000916,numpy/numpy,numpy/f2py/capi_maps.py,301,code-execution-eval,7,8,36,false,3,1
GT-175,FND-000263,ansible/ansible,packaging/release.py,81,subprocess-execution,7,11,582,false,67,3
GT-176,FND-000308,certbot/certbot,tools/finish_release.py,185,subprocess-execution,7,5,17,false,1,1
GT-177,FND-000819,Gallopsled/pwntools,pwnlib/util/safeeval.py,82,code-execution-eval,7,3,8,false,0,0
GT-178,FND-000684,sqlmapproject/sqlmap,lib/core/update.py,52,subprocess-shell-true,7,9,14,false,0,0
GT-179,FND-000303,certbot/certbot,certbot/src/certbot/util.py,494,subprocess-execution,7,22,38,false,2,1
GT-180,FND-000079,django/django,django/core/management/utils.py,24,subprocess-execution,7,3,8,false,0,0
GT-181,FND-000184,ansible/ansible,.azure-pipelines/scripts/publish-codecov.py,65,subprocess-execution,7,7,136,false,7,2
GT-182,FND-001083,python-trio/trio,src/trio/_tests/test_subprocess.py,605,subprocess-execution,7,4,10,false,0,0
GT-183,FND-001121,hypothesisworks/hypothesis,tooling/src/hypothesistooling/__main__.py,710,subprocess-execution,7,6,12,false,0,0
GT-184,FND-000390,tox-dev/tox,tasks/release.py,125,subprocess-execution,7,4,23,false,2,2
GT-185,FND-000970,pypa/virtualenv,tasks/upgrade_wheels.py,217,subprocess-execution,7,3,40,false,4,2
GT-186,FND-000890,pandas-dev/pandas,pandas/io/clipboard/__init__.py,243,subprocess-execution,7,5,10,false,0,0
GT-187,FND-001193,pypa/flit,flit/vcs/hg.py,24,subprocess-execution,7,3,8,false,0,0
GT-188,FND-000426,pydantic/pydantic,pydantic/v1/utils.py,195,code-execution-eval,7,3,8,false,0,0
GT-189,FND-000774,sqlmapproject/sqlmap,thirdparty/bottle/bottle.py,3924,subprocess-execution,7,17,166,false,14,2
GT-190,FND-000205,ansible/ansible,lib/ansible/cli/__init__.py,622,subprocess-execution,7,9,50,false,2,1
GT-191,FND-000144,django/django,scripts/prepare_commit_msg.py,28,subprocess-execution,7,2,11,false,1,1
GT-192,FND-000993,pypa/setuptools,tools/build_launchers.py,77,subprocess-execution,7,11,27,false,2,2
GT-193,FND-001019,falconry/falcon,falcon/bench/bench.py,222,code-execution-eval,7,3,86,false,7,2
GT-194,FND-000011,tiangolo/fastapi,scripts/playwright/separate_openapi_schemas/image02.py,26,subprocess-execution,7,11,11,true,0,0
GT-195,FND-000186,ansible/ansible,hacking/azp/incidental.py,319,subprocess-execution,7,2,24,false,2,2
GT-196,FND-000314,certbot/certbot,tools/snap/build_remote_single.py,151,subprocess-execution,7,5,18,false,1,1
GT-197,FND-000265,fabric/fabric,setup.py,45,code-execution-exec,7,11,11,true,0,0
GT-198,FND-001137,hypothesisworks/hypothesis,tooling/src/hypothesistooling/__main__.py,1113,subprocess-execution,7,4,10,false,0,0
GT-199,FND-000598,celery/celery,t/unit/utils/test_platforms.py,174,subprocess-execution,7,5,11,false,0,0
GT-200,FND-000997,pypa/setuptools,tools/finalize.py,42,subprocess-execution,7,3,12,false,1,1
GT-201,FND-000287,certbot/certbot,certbot-ci/src/snap_integration_tests/dns_tests/test_main.py,45,subprocess-execution,7,7,12,false,0,0
GT-202,FND-001163,hypothesisworks/hypothesis,tooling/src/hypothesistooling/release.py,291,subprocess-execution,7,11,16,false,0,0
GT-203,FND-000885,pandas-dev/pandas,pandas/io/clipboard/__init__.py,182,subprocess-execution,7,8,13,false,0,0
GT-204,FND-000414,pre-commit/pre-commit,pre_commit/util.py,103,subprocess-execution,7,9,18,false,1,1
GT-205,FND-000910,numpy/numpy,numpy/_build_utils/tempita/_tempita.py,1098,code-execution-eval,7,17,22,false,0,0
GT-206,FND-000507,mongodb/mongo-python-driver,.evergreen/scripts/resync-all-specs.py,98,subprocess-execution,7,7,19,false,1,1
GT-207,FND-000957,pycurl/pycurl,setup.py,479,subprocess-execution,7,3,9,false,0,0
GT-208,FND-000610,googleapis/google-auth-library-python,google/auth/transport/_mtls_helper.py,293,subprocess-execution,7,5,39,false,4,3
GT-209,FND-000391,tox-dev/tox,tasks/release.py,146,subprocess-execution,7,10,29,false,2,2
GT-210,FND-001000,pypa/setuptools,tools/generate_validation_code.py,27,subprocess-execution,7,14,26,false,1,1
GT-211,FND-000782,Gallopsled/pwntools,pwnlib/commandline/elfdiff.py,22,subprocess-execution,7,2,16,false,1,1
GT-212,FND-000978,pypa/setuptools,setuptools/_distutils/compilers/C/msvc.py,93,subprocess-execution,7,34,56,false,3,3
GT-213,FND-000362,pytest-dev/pytest,scripts/release.py,21,subprocess-execution,7,2,24,false,2,2
GT-214,FND-001223,simonw/datasette,datasette/publish/cloudrun.py,222,subprocess-shell-true,7,102,108,false,0,0
GT-215,FND-000815,Gallopsled/pwntools,pwnlib/util/misc.py,509,subprocess-execution,7,122,127,false,0,0
GT-216,FND-000909,numpy/numpy,numpy/_build_utils/tempita/_tempita.py,335,code-execution-exec,7,3,68,false,6,3
GT-217,FND-000345,tiangolo/typer,typer/_completion_classes.py,73,subprocess-execution,7,7,22,false,2,2
GT-218,FND-000284,certbot/certbot,certbot-ci/src/snap_integration_tests/dns_tests/test_main.py,41,subprocess-execution,7,6,11,false,0,0
GT-219,FND-000793,Gallopsled/pwntools,pwnlib/commandline/version.py,23,subprocess-execution,7,6,11,false,0,0
GT-220,FND-000937,numpy/numpy,tools/linter.py,26,subprocess-execution,7,8,20,false,1,1
GT-221,FND-000124,django/django,django/db/backends/sqlite3/schema.py,455,dynamic-sql,7,22,28,false,0,0
GT-222,FND-000044,django/django,django/contrib/gis/db/backends/spatialite/operations.py,161,dynamic-sql,7,4,54,false,10,3
GT-223,FND-000085,django/django,django/db/backends/base/operations.py,113,dynamic-sql,7,3,9,false,0,0
GT-224,FND-000086,django/django,django/db/backends/base/schema.py,559,dynamic-sql,7,7,24,false,2,1
GT-225,FND-000493,tortoise/tortoise-orm,tortoise/backends/mysql/client.py,132,dynamic-sql,7,21,35,false,2,1
GT-226,FND-000753,sqlmapproject/sqlmap,plugins/dbms/postgresql/filesystem.py,69,dynamic-sql,7,2,8,false,0,0
GT-227,FND-000527,psycopg/psycopg2,lib/_json.py,187,dynamic-sql,7,7,28,false,3,2
GT-228,FND-000054,django/django,django/contrib/postgres/operations.py,203,dynamic-sql,7,11,25,false,2,1
GT-229,FND-000053,django/django,django/contrib/postgres/operations.py,51,dynamic-sql,7,5,11,false,0,0
GT-230,FND-000764,sqlmapproject/sqlmap,plugins/generic/entries.py,491,dynamic-sql,7,519,652,false,4,1
GT-231,FND-001213,simonw/datasette,datasette/facets.py,336,dynamic-sql,7,68,74,false,0,0
GT-232,FND-000097,django/django,django/db/backends/oracle/base.py,337,dynamic-sql,7,15,25,false,1,1
GT-233,FND-000768,sqlmapproject/sqlmap,plugins/generic/filesystem.py,123,dynamic-sql,7,11,17,false,0,0
GT-234,FND-000093,django/django,django/db/backends/mysql/introspection.py,159,dynamic-sql,7,4,39,false,2,1
GT-235,FND-000669,sqlmapproject/sqlmap,lib/core/agent.py,1166,dynamic-sql,7,28,34,false,0,0
GT-236,FND-000477,coleifer/peewee,peewee.py,4293,dynamic-sql,7,4,28,false,3,3
GT-237,FND-000665,sqlmapproject/sqlmap,extra/vulnserver/vulnserver.py,1202,dynamic-sql,7,3,100,false,5,3
GT-238,FND-000636,sqlmapproject/sqlmap,extra/esperanto/enumeration.py,137,dynamic-sql,7,13,53,false,4,2
GT-239,FND-000192,ansible/ansible,hacking/report.py,199,dynamic-sql,7,2,88,false,5,3
GT-240,FND-001211,simonw/datasette,datasette/facets.py,226,dynamic-sql,7,72,78,false,0,0
GT-241,FND-001270,simonw/datasette,datasette/views/execute_write.py,133,dynamic-sql,7,10,72,false,3,3
GT-242,FND-000698,sqlmapproject/sqlmap,lib/techniques/error/use.py,396,dynamic-sql,7,53,58,false,0,0
GT-243,FND-000648,sqlmapproject/sqlmap,extra/esperanto/enumeration.py,588,dynamic-sql,7,9,56,false,1,1
GT-244,FND-001241,simonw/datasette,datasette/utils/__init__.py,877,dynamic-sql,7,10,23,false,2,1
GT-245,FND-000131,django/django,django/db/models/sql/compiler.py,2277,dynamic-sql,7,8,1227,false,52,3
GT-246,FND-000762,sqlmapproject/sqlmap,plugins/generic/databases.py,1052,dynamic-sql,7,6,27,false,2,1
GT-247,FND-000119,django/django,django/db/backends/sqlite3/introspection.py,346,dynamic-sql,7,4,10,false,0,0
GT-248,FND-001200,simonw/datasette,datasette/app.py,1821,dynamic-sql,7,27,41,false,2,2
GT-249,FND-000746,sqlmapproject/sqlmap,plugins/dbms/mssqlserver/fingerprint.py,186,dynamic-sql,7,30,36,false,0,0
GT-250,FND-001258,simonw/datasette,datasette/utils/internal_db.py,216,dynamic-sql,7,41,46,false,0,0
GT-251,FND-001257,simonw/datasette,datasette/utils/actions_sql.py,808,dynamic-sql,7,75,117,false,2,2
GT-252,FND-001205,simonw/datasette,datasette/database.py,608,dynamic-sql,7,15,21,false,0,0
GT-253,FND-000452,sqlalchemy/sqlalchemy,lib/sqlalchemy/dialects/sqlite/base.py,3001,dynamic-sql,7,48,72,false,1,1
GT-254,FND-000678,sqlmapproject/sqlmap,lib/core/replication.py,67,dynamic-sql,7,5,11,false,0,0
GT-255,FND-000640,sqlmapproject/sqlmap,extra/esperanto/enumeration.py,348,dynamic-sql,7,2,8,false,0,0
GT-256,FND-000486,coleifer/peewee,playhouse/pwasyncio.py,871,dynamic-sql,7,3,14,false,1,1
GT-257,FND-000060,django/django,django/core/cache/backends/db.py,150,dynamic-sql,7,93,114,false,3,1
GT-258,FND-001280,simonw/datasette,datasette/views/table.py,1588,dynamic-sql,7,48,3233,false,62,2
GT-259,FND-000644,sqlmapproject/sqlmap,extra/esperanto/enumeration.py,428,dynamic-sql,7,9,33,false,2,2
GT-260,FND-000643,sqlmapproject/sqlmap,extra/esperanto/enumeration.py,414,dynamic-sql,7,18,38,false,2,2
GT-261,FND-000059,django/django,django/core/cache/backends/db.py,136,dynamic-sql,7,93,114,false,3,1
GT-262,FND-001220,simonw/datasette,datasette/fixtures.py,46,dynamic-sql,7,11,11,true,0,0
GT-263,FND-000494,tortoise/tortoise-orm,tortoise/backends/mysql/client.py,146,dynamic-sql,7,21,35,false,2,1
GT-264,FND-000116,django/django,django/db/backends/sqlite3/introspection.py,91,dynamic-sql,7,4,22,false,1,1
GT-265,FND-001199,simonw/datasette,datasette/app.py,1545,dynamic-sql,7,3,14,false,1,1
GT-266,FND-000126,django/django,django/db/models/functions/text.py,268,dynamic-sql,7,15,25,false,1,1
GT-267,FND-000483,coleifer/peewee,peewee.py,9525,dynamic-sql,7,7,284,false,59,1
GT-268,FND-000535,encode/databases,databases/backends/asyncmy.py,270,dynamic-sql,7,10,16,false,0,0
GT-269,FND-000633,sqlmapproject/sqlmap,extra/esperanto/__main__.py,629,dynamic-sql,7,20,49,false,1,1
GT-270,FND-000528,psycopg/psycopg2,lib/extras.py,907,dynamic-sql,7,8,21,false,1,1
GT-271,FND-001215,simonw/datasette,datasette/facets.py,471,dynamic-sql,7,40,46,false,0,0
GT-272,FND-000051,django/django,django/contrib/gis/db/backends/spatialite/schema.py,185,dynamic-sql,7,34,44,false,1,1
GT-273,FND-000455,sqlalchemy/sqlalchemy,lib/sqlalchemy/dialects/sqlite/provision.py,122,dynamic-sql,7,12,18,false,0,0
GT-274,FND-000497,tortoise/tortoise-orm,tortoise/backends/sqlite/client.py,257,dynamic-sql,7,2,8,false,0,0
GT-275,FND-001210,simonw/datasette,datasette/facets.py,206,dynamic-sql,7,9,19,false,1,1
GT-276,FND-000632,sqlmapproject/sqlmap,extra/esperanto/__main__.py,307,dynamic-sql,7,4,9,false,0,0
GT-277,FND-000752,sqlmapproject/sqlmap,plugins/dbms/oracle/fingerprint.py,130,dynamic-sql,7,20,26,false,0,0
GT-278,FND-000495,tortoise/tortoise-orm,tortoise/backends/oracle/client.py,117,dynamic-sql,7,5,15,false,1,1
GT-279,FND-000763,sqlmapproject/sqlmap,plugins/generic/databases.py,1054,dynamic-sql,7,6,27,false,2,1
GT-280,FND-000745,sqlmapproject/sqlmap,plugins/dbms/mssqlserver/fingerprint.py,161,dynamic-sql,7,21,27,false,0,0
GT-281,FND-000700,sqlmapproject/sqlmap,lib/techniques/graphql/inject.py,193,dynamic-sql,7,3,8,false,0,0
GT-282,FND-000049,django/django,django/contrib/gis/db/backends/spatialite/schema.py,161,dynamic-sql,7,13,23,false,1,1
GT-283,FND-000094,django/django,django/db/backends/mysql/introspection.py,349,dynamic-sql,7,4,10,false,0,0
GT-284,FND-001287,simonw/datasette,datasette/views/table_extras.py,119,dynamic-sql,7,12,32,false,3,1
GT-285,FND-000109,django/django,django/db/backends/postgresql/schema.py,208,dynamic-sql,7,27,162,false,3,1
GT-286,FND-000480,coleifer/peewee,peewee.py,4475,dynamic-sql,7,4,10,false,0,0
GT-287,FND-001285,simonw/datasette,datasette/views/table_create_alter.py,238,dynamic-sql,7,7,229,false,8,3
GT-288,FND-001272,simonw/datasette,datasette/views/row.py,645,dynamic-sql,7,13,1281,false,35,3
GT-289,FND-000499,tortoise/tortoise-orm,tortoise/backends/sqlite/client.py,272,dynamic-sql,7,2,8,false,0,0
GT-290,FND-000052,django/django,django/contrib/postgres/operations.py,29,dynamic-sql,7,6,12,false,0,0
GT-291,FND-000666,sqlmapproject/sqlmap,extra/vulnserver/vulnserver.py,1678,dynamic-sql,7,195,217,false,4,2
GT-292,FND-000651,sqlmapproject/sqlmap,extra/esperanto/enumeration.py,664,dynamic-sql,7,57,63,false,0,0
GT-293,FND-000463,sqlalchemy/sqlalchemy,lib/sqlalchemy/orm/persistence.py,718,dynamic-sql,7,33,63,false,1,1
GT-294,FND-000897,pandas-dev/pandas,pandas/io/sql.py,2286,dynamic-sql,7,21,111,false,2,1
GT-295,FND-000533,encode/databases,databases/backends/aiopg.py,287,dynamic-sql,7,5,11,false,0,0
GT-296,FND-000089,django/django,django/db/backends/base/schema.py,751,dynamic-sql,7,9,15,false,0,0
GT-297,FND-001284,simonw/datasette,datasette/views/table_create_alter.py,210,dynamic-sql,7,6,197,false,8,3
GT-298,FND-000702,sqlmapproject/sqlmap,lib/techniques/graphql/inject.py,203,dynamic-sql,7,3,8,false,0,0
GT-299,FND-001249,simonw/datasette,datasette/utils/actions_sql.py,384,dynamic-sql,7,30,95,false,3,1
GT-300,FND-000099,django/django,django/db/backends/oracle/operations.py,72,dynamic-sql,7,7,13,false,0,0
