repo_id,repository,domain,cohort,commit_sha,target_files,target_manifest_sha256,bandit_findings,bandit_errors,semgrep_findings,semgrep_errors,original_repository,repair_action,repair_reason,remote_verified,candidate_target_files,bandit_parse_incompatibilities,semgrep_parse_incompatibilities,cross_scanner_incompatible_files,effective_cross_scanner_files,bandit_runtime_or_unmapped_errors,semgrep_runtime_or_unmapped_errors,coverage_complete
R001,tiangolo/fastapi,Web Frameworks & APIs,Primary_Core_Benchmark,50113da16fec53b66b80d75e80a89296de4fa5a5,533,ae436bc64d95925b7cce5dcf4e5781e43f8c32106b57d89aa601d11e041d469a,33,0,33,0,tiangolo/fastapi,unchanged,,,533,0,0,0,533,0,0,True
R002,pallets/flask,Web Frameworks & APIs,Primary_Core_Benchmark,d318b683471101618febed18996405ad26462110,24,f91586241072b9e836d29d195cfd7e6ecd6252a8a50a0135288880d6e52150d1,3,0,3,0,pallets/flask,unchanged,,,24,0,0,0,24,0,0,True
R003,django/django,Web Frameworks & APIs,Primary_Core_Benchmark,9193cb54550727a02fd55dab1b430597a9aa4297,909,ee150c4696db3e11f86beae4f0cd98e3f860159f30a051b0fd830e46b0e1cf3b,67,0,85,0,django/django,unchanged,,,909,0,0,0,909,0,0,True
R004,tornadoweb/tornado,Web Frameworks & APIs,Primary_Core_Benchmark,0096f2897c98facdcd9716009ee934a7381af5ef,53,6e503ff8e637eff75ea28a88d30d89514ef90e80208d46da0b0f1f5e6be5af4c,9,0,9,0,tornadoweb/tornado,unchanged,,,53,0,0,0,53,0,0,True
R005,encode/starlette,Web Frameworks & APIs,Primary_Core_Benchmark,41db6a707f2636526847dbda0e5610e732e6b4fc,36,7593915e78f1c724ff57de1e20ad2100461137b4b90fcc49ff8837efae027083,0,0,0,0,encode/starlette,unchanged,,,36,0,0,0,36,0,0,True
R006,aio-libs/aiohttp,Web Frameworks & APIs,Primary_Core_Benchmark,a5fba5b4d3ce962db5f4c40865fdb270170d7840,64,e742eee7ed1922b20f64f93a073e3f47360020b7502c6a0a4d4d8769015c5516,5,0,5,0,aio-libs/aiohttp,unchanged,,,64,0,0,0,64,0,0,True
R007,bottlepy/bottle,Web Frameworks & APIs,Primary_Core_Benchmark,457a8fa82f2c96d18c6f5934288387ad83ac12fa,1,02cad8510633ab45cb76d67a202152b2ccb3f4a1bbbf1c27f7838253a8399a8c,6,0,6,0,bottlepy/bottle,unchanged,,,1,0,0,0,1,0,0,True
R008,cherrypy/cherrypy,Web Frameworks & APIs,Primary_Core_Benchmark,1f75bc9eed8e0e385f64f368bd69f58d96fb8c2b,58,3251be7a7f39beaef50ded4f0ac1c22d4312050ef94e7438d31eb98477b8ab08,6,0,7,0,cherrypy/cherrypy,unchanged,,,58,0,0,0,58,0,0,True
R009,psf/requests,"HTTP, Networking & Cloud",Primary_Core_Benchmark,dae7ef63b4df6eded86637f251fc4e3a06c3b479,20,17bd0078038ef437d49e6820aa059a3d44c4e4fe1effca696a606d5d1106c0f9,0,0,0,0,psf/requests,unchanged,,,20,0,0,0,20,0,0,True
R010,urllib3/urllib3,"HTTP, Networking & Cloud",Primary_Core_Benchmark,278d98d7bf6cbafbccc924e7aa73dbbe06474dc2,42,36c18ffd43f3be386accd70ca3c88a99b40e66e731324608a901816fa4fecb6e,0,0,0,0,urllib3/urllib3,unchanged,,,42,0,0,0,42,0,0,True
R011,paramiko/paramiko,"HTTP, Networking & Cloud",Primary_Core_Benchmark,142f593e40ad767c5e3556cbace66dc84589620c,45,5403436eb1dea1d876d3aed69d0944ad237742fcd2454905de2f30cebf23ecb6,5,0,5,0,paramiko/paramiko,unchanged,,,45,0,0,0,45,0,0,True
R012,boto/boto3,"HTTP, Networking & Cloud",Primary_Core_Benchmark,dbcacf0c46b79a0f3f7204367ec423722fd3ce16,27,b3f0646f0ef1ed9a8a77d56bf7438adf554450e63b0a435f8beaf20397538016,0,0,14,0,boto/boto3,unchanged,,,27,0,0,0,27,0,0,True
R013,ansible/ansible,"HTTP, Networking & Cloud",Primary_Core_Benchmark,3827d66bfbdc568f58cce57b113131598c46cd5a,595,f38470ecab0486c20c7fcad6ede57bbeeed567d60d3410a2ab8f8249eca11d4e,70,1,82,1,ansible/ansible,environment_fix,Repository exists. Previous checkout failed only because Windows long paths were disabled.,1.0,595,1,1,2,593,0,0,True
R014,fabric/fabric,"HTTP, Networking & Cloud",Primary_Core_Benchmark,ded51893f02c33d2bc7c157624c44a039a952037,23,5fd7c0368c61dd8491fcc95c2c65950745d8b7c4bfc3da483803a29955aaaeb0,1,0,2,0,fabric/fabric,unchanged,,,23,0,0,0,23,0,0,True
R015,encode/httpx,"HTTP, Networking & Cloud",Primary_Core_Benchmark,b5addb64f0161ff6bfe94c124ef76f6a1fba5254,23,e03f7bee3abe96953d106f83a4c03ef55b1c92233165f6bef421c5c72d6b8203,1,0,1,0,encode/httpx,unchanged,,,23,0,0,0,23,0,0,True
R016,certbot/certbot,"HTTP, Networking & Cloud",Primary_Core_Benchmark,56ee04928d677d82c6a375a7c7b48e8ce13bb6bc,226,4255c0188ffac51f9d83b83ad64c1fd15368a497fb501ef3cd3b500fdc8f1f1e,57,0,57,0,certbot/certbot,unchanged,,,226,0,0,0,226,0,0,True
R017,pallets/click,"CLI, Tooling & Systems",Primary_Core_Benchmark,6aabf099bfdd4c1e75fe8d0e0d4241372b988ab1,17,2d3c4e69e9dfd2eaebe747deb6c09f1c7fc65bb4583db2b8a2be7d7808528ee2,8,0,8,0,pallets/click,unchanged,,,17,0,0,0,17,0,0,True
R018,textualize/rich,"CLI, Tooling & Systems",Primary_Core_Benchmark,9d8f9a372cc5916fd4781fec207ced7ddac2f08f,106,c4a3abe9fa53cdc493e7b85e336be6b381605eebf99fcd6659de3ae27b45e3c4,3,0,3,0,textualize/rich,unchanged,,,106,0,0,0,106,0,0,True
R019,tiangolo/typer,"CLI, Tooling & Systems",Primary_Core_Benchmark,82b83959d9e900215ed8ff2a56a766ff066e1c75,327,2dbebad74933fb39bd1c63dd9ec920c0fa625255043ed872060692c176cfca38,13,0,13,0,tiangolo/typer,unchanged,,,327,0,0,0,327,0,0,True
R020,pytest-dev/pytest,"CLI, Tooling & Systems",Primary_Core_Benchmark,431f3e1f5fd70b9b0f8afa2d20a10421542e5c6a,94,86946a84cadcfbdfe68841997a4e0e5ee42ba4e7290b56eaed9ae628b8761da2,31,0,33,0,pytest-dev/pytest,unchanged,,,94,0,0,0,94,0,0,True
R021,tox-dev/tox,"CLI, Tooling & Systems",Primary_Core_Benchmark,6485a013e46b3cfe8f43002f6aa80e6e390efbfe,129,6ab3bb05a0978eb0e012595aaf1e8f7939e6b6c7455304ca8d81bca1ef62c349,10,0,10,0,tox-dev/tox,unchanged,,,129,0,0,0,129,0,0,True
R022,psf/black,"CLI, Tooling & Systems",Primary_Core_Benchmark,20622e1259c29bda81831962ace1348ba1921c84,58,c4ec9315e3bf867f3a0d108fade0f851d66acf071b44f95aa7305cc64e95056b,12,0,12,0,psf/black,unchanged,,,58,0,0,0,58,0,0,True
R023,PyCQA/flake8,"CLI, Tooling & Systems",Primary_Core_Benchmark,efe6750405be77b661f64e60002c4ef8e922daf5,38,510a282dc8b57b4f2fb24d898bee98e07284186d339b1b6aebf617f5ebc600a5,0,0,0,0,PyCQA/flake8,unchanged,,,38,0,0,0,38,0,0,True
R024,pre-commit/pre-commit,"CLI, Tooling & Systems",Primary_Core_Benchmark,a9bba55a3f74068b53f4bd4d831d7e05e34eae6c,68,dcbe40b71b99c43bcbc559a1574d9b274e2801afbb4444507a0184b3d345f11b,12,0,12,0,pre-commit/pre-commit,unchanged,,,68,0,0,0,68,0,0,True
R025,pydantic/pydantic,Data Validation & Serialization,Primary_Core_Benchmark,c23cb86ef197693fc016437614f174252a3d189a,113,5ee87aceb28d8375241ca5f1e397459362dd3a9758e574021b588888476d15b4,12,0,12,1,pydantic/pydantic,unchanged,,,113,0,1,1,112,0,0,True
R026,marshmallow-code/marshmallow,Data Validation & Serialization,Primary_Core_Benchmark,74e0043254d2390afe7f8ac83162bb99fd0aafe1,15,280a06d8e297d09a46deb797197119102b4f64fdd559fb005ee6629fcd4214d6,0,0,0,0,marshmallow-code/marshmallow,unchanged,,,15,0,0,0,15,0,0,True
R027,yaml/pyyaml,Data Validation & Serialization,Primary_Core_Benchmark,34a9bf82357f4952d8f194a5a31f1c39743652d0,21,7089312be34a0ba76618f415716f10a16e3029bc273e10d5769523411f94620f,0,0,0,0,yaml/pyyaml,unchanged,,,21,0,0,0,21,0,0,True
R028,samuelcolvin/pydantic-core,Data Validation & Serialization,Primary_Core_Benchmark,383eb95a19433754c0cecf7025b50c26b6d97a36,5,a046c6429e7466cb56b45275af0f8e615673f3b37e5fc97c4de90f36c29b14e0,0,0,0,0,samuelcolvin/pydantic-core,unchanged,,,5,0,0,0,5,0,0,True
R029,ijl/orjson,Data Validation & Serialization,Primary_Core_Benchmark,6737895a1a4e3e26df0569a40147893a786f9a58,8,149bec9174ae6d1269166b7db4955812f0f5a9a5557e4b6485140998cebb7862,0,0,0,0,ijl/orjson,unchanged,,,8,0,0,0,8,0,0,True
R030,python-jsonschema/jsonschema,Data Validation & Serialization,Primary_Core_Benchmark,7fa1acc948b34ab6283b3621ecbdc4360a717ba7,13,b4d730f3e458a81ff77c15289f6a614d4e12154d2b57952e2fc145bc3b9b0b71,0,0,0,0,python-jsonschema/jsonschema,unchanged,,,13,0,0,0,13,0,0,True
R031,msgpack/msgpack-python,Data Validation & Serialization,Primary_Core_Benchmark,7a6392014dd248a03539f043b13d4eaa25b2fcef,5,7f7f3163f1e5b0ece17a65e987ae18f2b14ff483315f83f4562ac757edd3958f,0,0,0,0,msgpack/msgpack-python,unchanged,,,5,0,0,0,5,0,0,True
R032,alecthomas/voluptuous,Data Validation & Serialization,Primary_Core_Benchmark,44593ce7c330faf9418252c4b5448f4736144a7f,8,508f7ce6aaf469adf2ed1c9884a901f5ec9d5380634b5171554dcb2349beface,0,0,0,0,alecthomas/voluptuous,unchanged,,,8,0,0,0,8,0,0,True
R033,sqlalchemy/sqlalchemy,"Databases, Caching & ORM",Primary_Core_Benchmark,de83fa72d787136785624fd8981e1d71e9f427ab,233,7c86d1a55bc66e4476b115f11641e98af3c429a3c6b6a5f07099990cd92364f8,28,0,30,0,sqlalchemy/sqlalchemy,unchanged,,,233,0,0,0,233,0,0,True
R034,redis/redis-py,"Databases, Caching & ORM",Primary_Core_Benchmark,c73fdd92c955b9d19fece2def1f8f2bd3de80c27,162,27d69fbad6ee0d119df651111b05696ad13f318823b35ee1949d556c3506b1c8,2,0,3,0,redis/redis-py,unchanged,,,162,0,0,0,162,0,0,True
R035,coleifer/peewee,"Databases, Caching & ORM",Primary_Core_Benchmark,c6328d6c91120b3d04878921a0af64a9ee78c866,34,cc5c81b3f38dd900bf54689b18e0123bed49907029b461baea52b907eb7ec502,7,0,10,0,coleifer/peewee,unchanged,,,34,0,0,0,34,0,0,True
R036,tortoise/tortoise-orm,"Databases, Caching & ORM",Primary_Core_Benchmark,ffc946ebd2d1715c3cc3196ada2c2da04f6188d4,133,8b16de026b1ee84b8e1d5ce21eca319a99b11e2025b4984e4bff0fec7cc35a3f,4,0,9,0,tortoise/tortoise-orm,unchanged,,,133,0,0,0,133,0,0,True
R037,mongodb/mongo-python-driver,"Databases, Caching & ORM",Primary_Core_Benchmark,4dd73032d98146fd97bedfb8434bff2f458bc26f,175,915dcdcb7c1a93090a3988cdab7f3e8978d2735f95db4922c4d10de05f45c792,21,0,23,0,mongodb/mongo-python-driver,unchanged,,,175,0,0,0,175,0,0,True
R038,psycopg/psycopg2,"Databases, Caching & ORM",Primary_Core_Benchmark,3a6d9d6ddc6b53eaa80b712f5fa6b23abbdc38db,15,6ae817ed5055c61184a099e4a4de08d93833cd5b68fa377927d134d1aea0211d,5,0,2,0,psycopg/psycopg2,unchanged,,,15,0,0,0,15,0,0,True
R039,encode/databases,"Databases, Caching & ORM",Primary_Core_Benchmark,ae3fb16f40201d9ed0ed31bea31a289127169568,17,4a1282c863c30f6bb6c4874bde19486e8d8f18e83c8ad496dd593c2c82e397a2,0,0,12,0,encode/databases,unchanged,,,17,0,0,0,17,0,0,True
R040,celery/celery,"Databases, Caching & ORM",Primary_Core_Benchmark,07ee451b5313b520ed4f57cfe93d35ac81d0548c,338,fbac7bca8740ee9a48be52e52d63c44e8171df233816e910aa9edd8bab84b168,40,0,56,0,celery/celery,unchanged,,,338,0,0,0,338,0,0,True
R041,pyca/cryptography,"Security, Cryptography & Auth",Primary_Core_Benchmark,8891ee468e41eb66bddd8dd684e4a7a07d91e70c,112,218b082bf42b68d3b78bf971a02aaea6cc5e0ec82709ee66200ce68b0afb19f8,5,0,5,0,pyca/cryptography,unchanged,,,112,0,0,0,112,0,0,True
R042,oauthlib/oauthlib,"Security, Cryptography & Auth",Primary_Core_Benchmark,40b0ab56da3682c2484a4b78bbff309f8025d950,76,414f0a4c04e808ae20526a39ac39c6f5f560643102dda9a54db4e469cbdf7e82,1,0,1,0,oauthlib/oauthlib,unchanged,,,76,0,0,0,76,0,0,True
R043,jpadilla/pyjwt,"Security, Cryptography & Auth",Primary_Core_Benchmark,7144e4534c34810f4525dc4578a32addd8212cff,12,c57d4ef39b9960941e97e39008f1d83751bf60871efeec3c515c4552a5228aea,0,0,0,0,pyjwt/pyjwt,repository_move,Original repository path no longer resolves. Current PyJWT repository is jpadilla/pyjwt.,1.0,12,0,0,0,12,0,0,True
R044,googleapis/google-auth-library-python,"Security, Cryptography & Auth",Primary_Core_Benchmark,2ea24b03436765fa3cf279ce148482ff6332136b,125,079d5965ed080972fa80898569c1b73c6acd5e089f19ff97b21d5080eb669db9,10,0,10,0,google/google-auth-library-python,repository_move_archived,Project repository moved from the old owner path. The current repository is archived but preserves the selected project source.,1.0,125,0,0,0,125,0,0,True
R045,sqlmapproject/sqlmap,"Security, Cryptography & Auth",Primary_Core_Benchmark,1ee368f78a73ccc1c193af32d4e70c1244be5865,579,4126b2fb763b961d64a0a9af53b50c14d294a8fa9128c6a30afdd1a90549cee5,157,0,68,0,sqlmapproject/sqlmap,unchanged,,,579,0,0,0,579,0,0,True
R046,Gallopsled/pwntools,"Security, Cryptography & Auth",Primary_Core_Benchmark,1429a134ecf88eb9af70e05bf6c912f45dfde224,200,0b9d029a20534376a7c20768befeee2e1e8d0119d7c5e12dd6c970d5a6b89b08,34,0,64,0,Gallopsled/pwntools,unchanged,,,200,0,0,0,200,0,0,True
R047,spulec/freezegun,"Security, Cryptography & Auth",Primary_Core_Benchmark,92d61b3f5c31942a1039713574487bdcfcdbbfff,6,f9169cd8bfa3b9436fd4cf464126d749e56b117969b3901739386bdd35b33db8,1,0,1,0,spulec/freezegun,unchanged,,,6,0,0,0,6,0,0,True
R048,tlsfuzzer/python-ecdsa,"Security, Cryptography & Auth",Primary_Core_Benchmark,bff40c6cf2340148d410d5b3def0e949c547caf1,33,13e80788930f9c57c61e019e64cb35348c6c7e6b7603e0e8b94b2b6891fa7256,11,0,11,0,paramiko/ecdsa-python,repository_move,Original repository path no longer resolves. Current python-ecdsa repository is tlsfuzzer/python-ecdsa.,1.0,33,0,0,0,33,0,0,True
R049,tiran/defusedxml,"Security, Cryptography & Auth",Primary_Core_Benchmark,c7445887f5e1bcea470a16f61369d29870cfcfe1,17,e05c0bee779c61a0c3972e91548cb9ff4f43a0bef6b5104bc4f3d3b363cc8ff5,1,0,1,0,tiran/defusedxml,unchanged,,,17,0,0,0,17,0,0,True
R050,pypa/pip,"Security, Cryptography & Auth",Primary_Core_Benchmark,ee09c40be785948a56b6321f336901b4e6f39ab2,414,4826fe02193b283f27c75eb020d1565c4c29722e2b6c0415156ee8a62f9e88db,30,0,29,0,pypa/pip,unchanged,,,414,0,0,0,414,0,0,True
R051,scikit-learn/scikit-learn,Data Science & ML,Supplementary_Holdout_Pool,9bafc1c9cab99aa036aba8207125637c39fd22db,367,68d5b6724c1e56083380fcb894a5661bc0d9590f7517b76f01fa341e9977a269,13,0,13,0,scikit-learn/scikit-learn,unchanged,,,367,0,0,0,367,0,0,True
R052,pandas-dev/pandas,Data Science & ML,Supplementary_Holdout_Pool,c26625d6e79fe8f11dd00184a3c32b5cc68d70cc,318,2eee138ead54c233e3b57e9a2f5286bf866794e9f48cdf5dd9fec7916ace8b7d,24,0,18,1,pandas-dev/pandas,unchanged,,,318,0,1,1,317,0,0,True
R053,numpy/numpy,Data Science & ML,Supplementary_Holdout_Pool,43a7a41747f860a09f2c5b9a2fe5a97c7f5f8004,195,8b81249f5e9ec268b2546b1fd801d96a114354950be4b48a74ce1382d338c467,33,0,41,0,numpy/numpy,unchanged,,,195,0,0,0,195,0,0,True
R054,pallets/jinja,Web Frameworks & APIs,Supplementary_Holdout_Pool,5ef70112a1ff19c05324ff889dd30405b1002044,26,bb81f0fb4306364b3144e332f1a9efcf8eadb4527cc85ae46fc500147af2fce8,6,0,7,0,pallets/jinja,unchanged,,,26,0,0,0,26,0,0,True
R055,pallets/werkzeug,Web Frameworks & APIs,Supplementary_Holdout_Pool,bb2c10a1db220815ddea9fdec05dd561ae009731,52,b225ab26824d8763004c51b5347747d8c0aec675bce0dd7ed834e5fb3c7228a4,4,0,4,0,pallets/werkzeug,unchanged,,,52,0,0,0,52,0,0,True
R056,pycurl/pycurl,"HTTP, Networking & Cloud",Supplementary_Holdout_Pool,3d008f97dceded3dde9888543c565a63237fee6c,4,d38c66a2294b13d17bc617e55d7465213e1517e95615efc509a45207672ea25d,7,0,7,0,tornadoweb/pycurl,repository_move,Original repository path no longer resolves. Current PycURL repository is pycurl/pycurl.,1.0,4,0,0,0,4,0,0,True
R057,pypa/virtualenv,"CLI, Tooling & Systems",Supplementary_Holdout_Pool,2ef85af47fcae15625ca7ad6f77452d5c78fadb2,96,cfff8908ca7a82f552603f70a0d9746845288c1d5fc6ce703acef6218081a2cb,14,0,14,0,pypa/virtualenv,unchanged,,,96,0,0,0,96,0,0,True
R058,pypa/setuptools,"CLI, Tooling & Systems",Supplementary_Holdout_Pool,7d531288b7c8708d4cc186213da93eaf5d11833d,231,43420bcab2e8eabc60348330193fa4b62fa0b3620189d825e3bfd74ffb357ec4,28,0,36,0,pypa/setuptools,unchanged,,,231,0,0,0,231,0,0,True
R059,scrapy/scrapy,Web Frameworks & APIs,Supplementary_Holdout_Pool,9344d60dd1ca211d7ca43ff9f37ac20473b28d88,181,f0172475300229f2f811eb907f14a59713930683ce866c830e4829fab02465b6,16,0,16,0,scrapy/scrapy,unchanged,,,181,0,0,0,181,0,0,True
R060,marshmallow-code/apispec,Web Frameworks & APIs,Supplementary_Holdout_Pool,af5e8ae1da0814250fed609cc947a8c3d14b7e7e,12,9c52904b5b018b256f80f3714f362768ebd0be6cb3f782e9575b2fa132a146fd,0,0,0,0,marshmallow-code/apispec,unchanged,,,12,0,0,0,12,0,0,True
R061,marshmallow-code/webargs,Web Frameworks & APIs,Supplementary_Holdout_Pool,bb5d94cfbd1042cde63b7dee092abf5ddecfe279,13,4c6a5ff2e90aba3ca591dad314d2011e1a2f6c2216d70228830fac7cfc5c0a42,0,0,0,0,marshmallow-code/webargs,unchanged,,,13,0,0,0,13,0,0,True
R062,falconry/falcon,Web Frameworks & APIs,Supplementary_Holdout_Pool,eb27592b159fea6678b3c70b16f195b0f990faa9,107,e8f69bc770e07015cc839d37057c2c653b28ecbf84a968008cfe95cd9e2639ff,14,0,14,0,falconry/falcon,unchanged,,,107,0,0,0,107,0,0,True
R063,grpc/grpc,"HTTP, Networking & Cloud",Supplementary_Holdout_Pool,6e5ac36afeb4a13c9d0c62241c91323c1e8ad8a8,2218,9d9e006650d08dcc5848a33b37ff75f75f908115479ccd08d57a86d211f455e0,120,0,121,0,grpc/grpc-python,project_migration,The former grpc-python project is maintained in grpc/grpc. Only Python files are targeted by the scanner protocol.,1.0,2218,0,0,0,2218,0,0,True
R064,twisted/twisted,"HTTP, Networking & Cloud",Supplementary_Holdout_Pool,ac919a6d1b2f91b7dea806bacfae99abab5291d4,446,a323057e0642db06ed6d4694483f3a4bcdaaf702f11ec4879c392046fbf9ff06,36,0,37,0,twisted/twisted,unchanged,,,446,0,0,0,446,0,0,True
R065,python-trio/trio,"HTTP, Networking & Cloud",Supplementary_Holdout_Pool,69355fc1aff44df4a701ec149a3fd68ac3ab2890,135,f36410bc1f6e00be52cf54a0deae2ed8480fce4bf01a761ada2184bfa4dcf367,9,0,10,0,trio-py/trio,repository_move,Original repository path no longer resolves. Current Trio repository is python-trio/trio.,1.0,135,0,0,0,135,0,0,True
R066,glamp/bashplotlib,"CLI, Tooling & Systems",Supplementary_Holdout_Pool,db4065cfe65c0bf7c530e0e8b9328daf9593ad74,7,0d2acb4e3fd86006b6e8be4ab201f0f0567e93a215cf5392739e83c7e74cf985,0,0,0,0,magicmonty/bashplotlib,repository_move,Original repository path no longer resolves. Current bashplotlib repository is glamp/bashplotlib.,1.0,7,0,0,0,7,0,0,True
R067,docopt/docopt,"CLI, Tooling & Systems",Supplementary_Holdout_Pool,8fea867d4220f1095dae9d6264ec5aa4031fb712,4,316c8d6fade992637e768cc509aed3a2a5d16fcb80d0670f345c9996a5528045,1,0,1,0,docopt/docopt,unchanged,,,4,0,0,0,4,0,0,True
R068,prompt-toolkit/python-prompt-toolkit,"CLI, Tooling & Systems",Supplementary_Holdout_Pool,583b3412c792a5cc9f01adde603679f3824a88f3,147,a099b22239f6f774515288ed0ff15bd0aec305349e8861512c4edfc1c342598d,2,0,2,0,prompt-toolkit/python-prompt-toolkit,unchanged,,,147,0,0,0,147,0,0,True
R069,pylint-dev/pylint,"CLI, Tooling & Systems",Supplementary_Holdout_Pool,af3930e1307c5a9474236b66527b0ee6f2a3b3fc,186,f86851e9b876d205b1cc6c5747e0d16c66a9f18c45657628e333dd3ea2dfa0fc,12,0,18,0,pylint-dev/pylint,unchanged,,,186,0,0,0,186,0,0,True
R070,PyCQA/isort,"CLI, Tooling & Systems",Supplementary_Holdout_Pool,131f4adcd5582bfc53928ab0d740eceb8b506b6c,51,984e9242ea7841e2eacfb45d271b92afed7eef7bc04e99d431f589a9cfe3545f,0,0,4,0,PyCQA/isort,unchanged,,,51,0,0,0,51,0,0,True
R071,psf/requests-html,"HTTP, Networking & Cloud",Supplementary_Holdout_Pool,075ac162dc62fc532037df0d98954ab840a97516,2,38d387b0a97834523db855edcb463c8e4d35827d9070ac0048deb600f3bb6ead,1,0,1,0,psf/requests-html,unchanged,,,2,0,0,0,2,0,0,True
R072,hypothesisworks/hypothesis,"CLI, Tooling & Systems",Supplementary_Holdout_Pool,a8dcd7422a325926693b5464f73349e361562b7c,136,cabf9272313a207bb1ac4eae1933bd3005e2056367536bcd8acd9d1c8f03b244,60,0,61,0,hypothesisworks/hypothesis,unchanged,,,136,0,0,0,136,0,0,True
R073,edwardgeorge/virtualenv-clone,"CLI, Tooling & Systems",Supplementary_Holdout_Pool,2ff28e5808c824484d474b992cbb9fe62e8279f1,2,80d1b6062e6e5304a63220a7c09fbebd2ed9975f8ffa4d8d0700b7d1ec35f603,1,0,1,0,tox-dev/virtualenv-clone,repository_move,Original repository path no longer resolves. Current virtualenv-clone repository is edwardgeorge/virtualenv-clone.,1.0,2,0,0,0,2,0,0,True
R074,dateutil/dateutil,Data Validation & Serialization,Supplementary_Holdout_Pool,48bd1af97e71baf8e96fce5b663d589caac8f147,20,1c4d0a9537d6010bfb9f95f659e50edbd99f1fb4e2f5db50553673d13626c76b,2,0,2,0,dateutil/dateutil,unchanged,,,20,0,0,0,20,0,0,True
R075,arrow-py/arrow,Data Validation & Serialization,Supplementary_Holdout_Pool,2224255c4acc594d734cef0bbc83360452a67983,10,4385fc6deaa1fbe7a260622c43df00b4a6b598d776105c691af9aee37d9e6816,0,0,0,0,arrow-py/arrow,unchanged,,,10,0,0,0,10,0,0,True
R076,myusuf3/delorean,Data Validation & Serialization,Supplementary_Holdout_Pool,eea5ccaf3c25c2939fbe372c35e27c4ef5941b0b,5,ed386b027b532a59b20a2cfa121f5d49321904bf2cf385e9d5123405e98c9144,0,0,0,0,delorean-py/delorean,repository_move,Original repository path no longer resolves. Current Delorean repository is myusuf3/delorean.,1.0,5,0,0,0,5,0,0,True
R077,certifi/python-certifi,"Security, Cryptography & Auth",Supplementary_Holdout_Pool,9d0a8f1f3a0d6b2e38d5773db7afe1a37e4527b6,4,437626ee2c447b4ffcad7cf49133fb62498786479f5f84594a4b3e2ab0eb4bbb,0,0,0,0,certifi/python-certifi,unchanged,,,4,0,0,0,4,0,0,True
R078,pyasn1/pyasn1,"Security, Cryptography & Auth",Supplementary_Holdout_Pool,8003397013f6c0e0eabbd2605770477acbc2dc44,32,90603cbbde716b34ec9688b3b041dae5aec167e59be409f5948e7dd4bcfb7bfe,0,0,0,0,pyasn1/pyasn1,unchanged,,,32,0,0,0,32,0,0,True
R079,sybrenstuvel/python-rsa,"Security, Cryptography & Auth",Supplementary_Holdout_Pool,42b0e14ffbeeb9d99d1037e6440a2cc61780e4ea,15,7da83954e2f7af409ec00cbb45349a1689fc4b31636dbd954877a4705a1dc922,0,0,0,0,rsa/python-rsa,repository_move_archived,Original repository path no longer resolves. The historical repository is sybrenstuvel/python-rsa and is archived.,1.0,15,0,0,0,15,0,0,True
R080,pyca/pyopenssl,"Security, Cryptography & Auth",Supplementary_Holdout_Pool,07c8f27cab7df87b1c77dde416b23800d23f0819,9,b5fa033e514aede5ac3ebb664bd4cbae44b4e31f947b6b25c061f052a6057674,0,0,0,0,pyopenssl/pyopenssl,repository_move,Original repository path no longer resolves. Current pyOpenSSL repository is pyca/pyopenssl.,1.0,9,0,0,0,9,0,0,True
R081,mpdavis/python-jose,"Security, Cryptography & Auth",Supplementary_Holdout_Pool,018b310ddb8b50dcfd09a0c152117835a21dd656,16,68c773279ef4707a2e7ce1d6ff445b782ed15030d713850638c357987698fa17,0,0,0,0,google/jwt-verifier-python,same_domain_replacement,"Original google/jwt-verifier-python repository is unavailable. Replaced with a public Python JOSE/JWT implementation in the same Security, Cryptography & Auth domain.",1.0,16,0,0,0,16,0,0,True
R082,adamchainz/django-cors-headers,Web Frameworks & APIs,Supplementary_Holdout_Pool,d6a75e42e24b367c07d16df25359c6e14552a93f,7,f04e1e1534effdf75759b0189cdb9340642752d87f847d7df73fad2ed6f968cf,0,0,0,0,django/django-cors-headers,repository_move,Original repository path no longer resolves. Current django-cors-headers repository is adamchainz/django-cors-headers.,1.0,7,0,0,0,7,0,0,True
R083,encode/django-rest-framework,Web Frameworks & APIs,Supplementary_Holdout_Pool,ea695cddf87bb820199667fdfaa23342f5959201,74,c1e7a594068bf8c53d33edbcc97f0a397b943fb705ff67366e49b65de02b15cc,0,0,0,0,encode/django-rest-framework,unchanged,,,74,0,0,0,74,0,0,True
R084,marshmallow-code/flask-marshmallow,Web Frameworks & APIs,Supplementary_Holdout_Pool,7823d9d5bac2358745b26b5af1507c5c791392c3,5,adce94809ae923fbc9065b70601f0768e64df50421d78ccfcb38e9e294558367,0,0,0,0,marshmallow-code/flask-marshmallow,unchanged,,,5,0,0,0,5,0,0,True
R085,lepture/authlib,"Security, Cryptography & Auth",Supplementary_Holdout_Pool,c529a61af40e3efe05286140e00fbdced07d7987,216,54c63ce48a3870a131528a2404974d40512388e87f1e3320db0e10bd097c4fdd,1,0,1,0,lepture/authlib,unchanged,,,216,0,0,0,216,0,0,True
R086,python-attrs/cattrs,Data Validation & Serialization,Supplementary_Holdout_Pool,df4e4bb363381fc0d5a5301049c74c1f86522dc1,57,ebcf1c527f800cee8b9b6ea486fbf36029b8ac5c25596457a50efd7a6d6eb94e,8,0,8,0,pyyaml/pyyaml,same_domain_replacement,The current PyYAML repository duplicates R027. Replaced with cattrs to preserve a unique Data Validation & Serialization holdout repository.,1.0,57,0,0,0,57,0,0,True
R087,networkx/networkx,Data Science & ML,Supplementary_Holdout_Pool,0db8227000872d7a9f6ce84c54ba1e5e99429122,291,c869bb602726bd6562c54f3e44351f23ab02f66030da5002e3d5f390ba7ea729,2,0,2,0,networkx/networkx,unchanged,,,291,0,0,0,291,0,0,True
R088,pypa/flit,"CLI, Tooling & Systems",Supplementary_Holdout_Pool,1da96f9636027b332e4bd1b21d8c47a7f75c98d1,73,895df4288e060707f5ba9fd1c745596177f0db0674b00819ec241199050b749f,9,0,9,0,pypa/flit,unchanged,,,73,0,0,0,73,0,0,True
R089,pypa/twine,"CLI, Tooling & Systems",Supplementary_Holdout_Pool,f536ac5d0c77a24a997854328e64644f576b4992,15,cbed0ff68c782a8478e9fa13fedd7027186b7a012bf24dbea32171dfbcb97611,2,0,2,0,pypa/twine,unchanged,,,15,0,0,0,15,0,0,True
R090,pypa/wheel,"CLI, Tooling & Systems",Supplementary_Holdout_Pool,b25c3c2ef5c789116b0545889aea68f5f65185a7,15,709733f6e2a5ec30b7e95caa5eadfeb9780ad53854a87a80fdf8582df247ecc3,0,0,0,0,pypa/wheel,unchanged,,,15,0,0,0,15,0,0,True
R091,simonw/datasette,"Databases, Caching & ORM",Supplementary_Holdout_Pool,bdc973174096cae350ddaa733a10ed8b3ffd970b,76,74c98f069f53996f554e153a4e1ce82a5c2abd06bccb00ea5ba7c3d8b06ffcac,90,0,32,0,simonw/datasette,unchanged,,,76,0,0,0,76,0,0,True
R092,encode/uvicorn,Web Frameworks & APIs,Supplementary_Holdout_Pool,eed8e7212a60681a9c3c865305cdd227a2b16f90,45,9f01f6d0b585190c279eeb43db7050851b7f97916c3b5fbe5c78328603f23b09,0,0,0,0,encode/uvicorn,unchanged,,,45,0,0,0,45,0,0,True
R093,cherrypy/cheroot,Web Frameworks & APIs,Supplementary_Holdout_Pool,edef8ff8629022408a9dc7a77484c3c4ea295829,17,53ee28a0e4b9abfb33da9ba2a825ee7d7cd0ace9482e36addfd1ee7c9c1fbbc5,1,0,1,0,cherrypy/cheroot,unchanged,,,17,0,0,0,17,0,0,True
R094,marshmallow-code/marshmallow-sqlalchemy,"Databases, Caching & ORM",Supplementary_Holdout_Pool,62e98df9680f081384493d3db958b93d377f3557,6,ac7d9d857d927dd165f31e1cd5061dc8d12fb1c30607ed4ce46be19df2c988e5,0,0,0,0,marshmallow-code/marshmallow-sqlalchemy,unchanged,,,6,0,0,0,6,0,0,True
R095,boto/botocore,"HTTP, Networking & Cloud",Supplementary_Holdout_Pool,b4c8dd94e3e705217ee084e84dbb6aa747417c8b,60,69273377067bd0132ff489f07bd1fd2c5ccad478148b6f0765872b769222c9a9,6,0,6,0,boto/botocore,unchanged,,,60,0,0,0,60,0,0,True
R096,pallets/itsdangerous,"Security, Cryptography & Auth",Supplementary_Holdout_Pool,672971d66a2ef9f85151e53283113f33d642dabd,8,625caa35d8ac8900dfe49a8a546df27aa32c1b7603fd3ea6b3907d4b674d641c,1,0,1,0,pallets/itsdangerous,unchanged,,,8,0,0,0,8,0,0,True
R097,pyca/bcrypt,"Security, Cryptography & Auth",Supplementary_Holdout_Pool,02c6524d286d00a6517b273d4c6890f77e5662fa,3,bcead64ce4c43e3f141b761c916a8e28fdd585a8d29cf2463fad56a7bc27bae7,1,0,1,0,pyca/bcrypt,unchanged,,,3,0,0,0,3,0,0,True
R098,pyinvoke/invoke,"CLI, Tooling & Systems",Supplementary_Holdout_Pool,6a71e680c535ba6520e935c497099fbca011d03c,66,f6e2373c7afee0cf8a2e2a9c8e8546168e37ae7428b4941b17435ac2895be700,1,0,1,0,paramiko/invoke,repository_move,Original repository path no longer resolves. Current Invoke repository is pyinvoke/invoke.,1.0,66,0,0,0,66,0,0,True
R099,pallets/markupsafe,Web Frameworks & APIs,Supplementary_Holdout_Pool,b2e4d9c7687be25695fffbe93a37622302b24fb1,4,8fee1778e67ca174c6ec1fffc7e946b3f097968995f68c14c3f810c33fb85e2c,1,0,1,0,pallets/markupsafe,unchanged,,,4,0,0,0,4,0,0,True
R100,pyreadline3/pyreadline3,"CLI, Tooling & Systems",Supplementary_Holdout_Pool,801a93c7d8c8744c20bdd3c6f8ecad3200fc95bb,49,50262db7a8a6a7335f638527066003ca7b08b070a8668d1b48f63e8ed53151f5,2,0,2,0,tiran/pyreadline,successor_replacement,Original pyreadline repository is unavailable. pyreadline3 is the maintained successor project.,1.0,49,0,0,0,49,0,0,True
